Id,Source,Target,Type,Label,display_label,source_layer,source_name,confidence,evidence_text,semantic_key,fusion_status,fusion_reason,role
EVENT_ARG::124b7e5a1afde5cdd07b,02312e2f5243659ab53e68d8ff421eddd405e153,Q7251,Directed,EXT_EVENT_ARG [event],EXT_EVENT_ARG [event],event,wikidata_sparql,0.95,1936-11-01T00:00:00Z,EVENT_ARG::02312e2f5243659ab53e68d8ff421eddd405e153::author::Q7251,original,,author
EVENT_ARG::1523dc4a01267ee74178,a792edef8564208d7585c87cc98fd83ab581af45,Q7251,Directed,EXT_EVENT_ARG [event],EXT_EVENT_ARG [event],event,wikidata_sparql,0.95,1934-01-01T00:00:00Z / 1937-01-01T00:00:00Z,EVENT_ARG::a792edef8564208d7585c87cc98fd83ab581af45::employee::Q7251,original,,employee
EVENT_ARG::1c9e45b29c8e23c6d2e1,c7bea787ad5448520499863371dbc6967628dbc6,Q10762848,Directed,EXT_EVENT_ARG [event],EXT_EVENT_ARG [event],event,wikidata_sparql,0.95,1946-06-24T00:00:00Z,EVENT_ARG::c7bea787ad5448520499863371dbc6967628dbc6::award::Q10762848,original,,award
EVENT_ARG::1ff241dceaada1916ee9,13a76a6840c4f803d98fab147da6c075e10306fe,Q20895966,Directed,EXT_EVENT_ARG [event],EXT_EVENT_ARG [event],event,wikidata_sparql,0.95,,EVENT_ARG::13a76a6840c4f803d98fab147da6c075e10306fe::work::Q20895966,original,,work
EVENT_ARG::20ef81f16fee7d947203,2a05c44046c0ff3b9725dd8f1399763132f78538,Q7251,Directed,EXT_EVENT_ARG [event],EXT_EVENT_ARG [event],event,wikidata_sparql,0.95,1912-06-23T00:00:00Z,EVENT_ARG::2a05c44046c0ff3b9725dd8f1399763132f78538::person::Q7251,original,,person
EVENT_ARG::24d610fa29bf7fb802dc,2a05c44046c0ff3b9725dd8f1399763132f78538,Q122744,Directed,EXT_EVENT_ARG [event],EXT_EVENT_ARG [event],event,wikidata_sparql,0.95,1912-06-23T00:00:00Z,EVENT_ARG::2a05c44046c0ff3b9725dd8f1399763132f78538::birth_place::Q122744,original,,birth_place
EVENT_ARG::2f57e0d0eda4b1822d40,a449a2c2651db20dadc33f9a74b0bd9422ed138b,Q133854517,Directed,EXT_EVENT_ARG [event],EXT_EVENT_ARG [event],event,wikidata_sparql,0.95,,EVENT_ARG::a449a2c2651db20dadc33f9a74b0bd9422ed138b::concept::Q133854517,original,,concept
EVENT_ARG::324ed89fcccd730f7f31,1d571ae7716ccdf8b90543c0b11670a99a4ecfd3,Q4428206,Directed,EXT_EVENT_ARG [event],EXT_EVENT_ARG [event],event,wikidata_sparql,0.95,,EVENT_ARG::1d571ae7716ccdf8b90543c0b11670a99a4ecfd3::machine::Q4428206,original,,machine
EVENT_ARG::33788d743ba05ddd0bf0,a790cdad3d1d635be084f074dfa9659aa4553e9e,literal:Time:0f6f3c5f98bf927f034c,Directed,EXT_EVENT_ARG [event],EXT_EVENT_ARG [event],event,wikidata_sparql,,1938-01-01T00:00:00Z / 1945-01-01T00:00:00Z,EVENT_ARG::a790cdad3d1d635be084f074dfa9659aa4553e9e::time::literal:Time:0f6f3c5f98bf927f034c,original,,time
EVENT_ARG::3485ac7a15d8274f158f,c7bea787ad5448520499863371dbc6967628dbc6,Q7251,Directed,EXT_EVENT_ARG [event],EXT_EVENT_ARG [event],event,wikidata_sparql,0.95,1946-06-24T00:00:00Z,EVENT_ARG::c7bea787ad5448520499863371dbc6967628dbc6::recipient::Q7251,original,,recipient
EVENT_ARG::425cb181e304f2d13371,1e9b58834e7b16a92a35ece0040ea5fba8b5646a,Q20895942,Directed,EXT_EVENT_ARG [event],EXT_EVENT_ARG [event],event,wikidata_sparql,0.95,1912-06-23T00:00:00Z,EVENT_ARG::1e9b58834e7b16a92a35ece0040ea5fba8b5646a::birth_place::Q20895942,original,,birth_place
EVENT_ARG::450f7234602bc4de928c,f39ef217cb68fe49a2e99bc130f5e35a3a548bc6,Q2011497,Directed,EXT_EVENT_ARG [event],EXT_EVENT_ARG [event],event,wikidata_sparql,0.95,1954-06-07T00:00:00Z,EVENT_ARG::f39ef217cb68fe49a2e99bc130f5e35a3a548bc6::death_place::Q2011497,original,,death_place
EVENT_ARG::455db397672259449dbb,ed744fa1064b360acfcfca02f6d0a2141333df69,Q2278254,Directed,EXT_EVENT_ARG [event],EXT_EVENT_ARG [event],event,wikidata_sparql,0.95,1926-01-01T00:00:00Z / 1931-01-01T00:00:00Z,EVENT_ARG::ed744fa1064b360acfcfca02f6d0a2141333df69::institution::Q2278254,original,,institution
EVENT_ARG::460bf3b0846f74fd131d,13a76a6840c4f803d98fab147da6c075e10306fe,Q7251,Directed,EXT_EVENT_ARG [event],EXT_EVENT_ARG [event],event,wikidata_sparql,0.95,,EVENT_ARG::13a76a6840c4f803d98fab147da6c075e10306fe::author::Q7251,original,,author
EVENT_ARG::4f3db5dde2af4fdb95ab,5a00f19fd1d6759d0c4be6649fb1923c029d4db3,Q867530,Directed,EXT_EVENT_ARG [event],EXT_EVENT_ARG [event],event,wikidata_sparql,0.95,1948-03-01T00:00:00Z / 1952-01-01T00:00:00Z,EVENT_ARG::5a00f19fd1d6759d0c4be6649fb1923c029d4db3::employer::Q867530,original,,employer
EVENT_ARG::4ff73e6f8835b636e784,485e7b42f082b3f9bfe9914a4f7c26cbe263d84f,Q480476,Directed,EXT_EVENT_ARG [event],EXT_EVENT_ARG [event],event,wikidata_sparql,0.95,,EVENT_ARG::485e7b42f082b3f9bfe9914a4f7c26cbe263d84f::machine::Q480476,original,,machine
EVENT_ARG::555afbd3513eec96810a,a3a5c29adddf0f5038d69edbdbca9d7643c5e3f1,Q7251,Directed,EXT_EVENT_ARG [event],EXT_EVENT_ARG [event],event,wikidata_sparql,0.95,1951-01-01T00:00:00Z,EVENT_ARG::a3a5c29adddf0f5038d69edbdbca9d7643c5e3f1::recipient::Q7251,original,,recipient
EVENT_ARG::610e0bf497d218b3593c,f39ef217cb68fe49a2e99bc130f5e35a3a548bc6,literal:Time:33de5fe2cd954544d48a,Directed,EXT_EVENT_ARG [event],EXT_EVENT_ARG [event],event,wikidata_sparql,,1954-06-07T00:00:00Z,EVENT_ARG::f39ef217cb68fe49a2e99bc130f5e35a3a548bc6::time::literal:Time:33de5fe2cd954544d48a,original,,time
EVENT_ARG::61d3887fd0cf95ca8edc,2a05c44046c0ff3b9725dd8f1399763132f78538,literal:Time:0da24e3bb4d3dedaae48,Directed,EXT_EVENT_ARG [event],EXT_EVENT_ARG [event],event,wikidata_sparql,,1912-06-23T00:00:00Z,EVENT_ARG::2a05c44046c0ff3b9725dd8f1399763132f78538::time::literal:Time:0da24e3bb4d3dedaae48,original,,time
EVENT_ARG::6730d1b6fbefb452b7bf,a790cdad3d1d635be084f074dfa9659aa4553e9e,Q7251,Directed,EXT_EVENT_ARG [event],EXT_EVENT_ARG [event],event,wikidata_sparql,0.95,1938-01-01T00:00:00Z / 1945-01-01T00:00:00Z,EVENT_ARG::a790cdad3d1d635be084f074dfa9659aa4553e9e::employee::Q7251,original,,employee
EVENT_ARG::6861f53dff8b456b3e7b,bf987415a571311b8922eeeb1f87eb1d71597af3,Q7251,Directed,EXT_EVENT_ARG [event],EXT_EVENT_ARG [event],event,wikidata_sparql,0.95,1945-01-01T00:00:00Z / 1947-01-01T00:00:00Z,EVENT_ARG::bf987415a571311b8922eeeb1f87eb1d71597af3::employee::Q7251,original,,employee
EVENT_ARG::68d51b78a3e757930a16,c0bff1944eb8e0c3d4baa2e819978f8d88fdf91e,Q66135280,Directed,EXT_EVENT_ARG [event],EXT_EVENT_ARG [event],event,wikidata_sparql,0.95,1926-01-01T00:00:00Z,EVENT_ARG::c0bff1944eb8e0c3d4baa2e819978f8d88fdf91e::institution::Q66135280,original,,institution
EVENT_ARG::6930fbcdd5900572f322,1e9b58834e7b16a92a35ece0040ea5fba8b5646a,literal:Time:0da24e3bb4d3dedaae48,Directed,EXT_EVENT_ARG [event],EXT_EVENT_ARG [event],event,wikidata_sparql,,1912-06-23T00:00:00Z,EVENT_ARG::1e9b58834e7b16a92a35ece0040ea5fba8b5646a::time::literal:Time:0da24e3bb4d3dedaae48,original,,time
EVENT_ARG::6b01e0407786e722519e,5a00f19fd1d6759d0c4be6649fb1923c029d4db3,literal:Time:b2b342a2f3fc34e359f4,Directed,EXT_EVENT_ARG [event],EXT_EVENT_ARG [event],event,wikidata_sparql,,1948-03-01T00:00:00Z / 1952-01-01T00:00:00Z,EVENT_ARG::5a00f19fd1d6759d0c4be6649fb1923c029d4db3::time::literal:Time:b2b342a2f3fc34e359f4,original,,time
EVENT_ARG::72eb5d60f90e8a7a10ae,bf987415a571311b8922eeeb1f87eb1d71597af3,literal:Time:9041828c0460dc10a617,Directed,EXT_EVENT_ARG [event],EXT_EVENT_ARG [event],event,wikidata_sparql,,1945-01-01T00:00:00Z / 1947-01-01T00:00:00Z,EVENT_ARG::bf987415a571311b8922eeeb1f87eb1d71597af3::time::literal:Time:9041828c0460dc10a617,original,,time
EVENT_ARG::74074b5eaa0da54a9c3f,ba90e8467fa8af5fd940399abc6644e1b63c792f,Q7251,Directed,EXT_EVENT_ARG [event],EXT_EVENT_ARG [event],event,wikidata_sparql,0.95,1936-01-01T00:00:00Z,EVENT_ARG::ba90e8467fa8af5fd940399abc6644e1b63c792f::recipient::Q7251,original,,recipient
EVENT_ARG::748e9785dec89dce802f,b80211a4d499adc9bcfb5f49462bc4e4bd4bd447,Q39086154,Directed,EXT_EVENT_ARG [event],EXT_EVENT_ARG [event],event,wikidata_sparql,0.95,,EVENT_ARG::b80211a4d499adc9bcfb5f49462bc4e4bd4bd447::concept::Q39086154,original,,concept
EVENT_ARG::787d95c442c8729a3c24,a792edef8564208d7585c87cc98fd83ab581af45,Q35794,Directed,EXT_EVENT_ARG [event],EXT_EVENT_ARG [event],event,wikidata_sparql,0.95,1934-01-01T00:00:00Z / 1937-01-01T00:00:00Z,EVENT_ARG::a792edef8564208d7585c87cc98fd83ab581af45::employer::Q35794,original,,employer
EVENT_ARG::78ce1e8e434aa6c21691,1d571ae7716ccdf8b90543c0b11670a99a4ecfd3,Q7251,Directed,EXT_EVENT_ARG [event],EXT_EVENT_ARG [event],event,wikidata_sparql,0.95,,EVENT_ARG::1d571ae7716ccdf8b90543c0b11670a99a4ecfd3::designer::Q7251,original,,designer
EVENT_ARG::7957a5446fa06fe18555,ba90e8467fa8af5fd940399abc6644e1b63c792f,Q1690167,Directed,EXT_EVENT_ARG [event],EXT_EVENT_ARG [event],event,wikidata_sparql,0.95,1936-01-01T00:00:00Z,EVENT_ARG::ba90e8467fa8af5fd940399abc6644e1b63c792f::award::Q1690167,original,,award
EVENT_ARG::799ae7b60a6c46703920,9afba5d1054d30c0b5c6311091a901309b24ec0a,Q7251,Directed,EXT_EVENT_ARG [event],EXT_EVENT_ARG [event],event,wikidata_sparql,0.95,,EVENT_ARG::9afba5d1054d30c0b5c6311091a901309b24ec0a::proposer::Q7251,original,,proposer
EVENT_ARG::7c137136726da8383bd0,bf987415a571311b8922eeeb1f87eb1d71597af3,Q1967606,Directed,EXT_EVENT_ARG [event],EXT_EVENT_ARG [event],event,wikidata_sparql,0.95,1945-01-01T00:00:00Z / 1947-01-01T00:00:00Z,EVENT_ARG::bf987415a571311b8922eeeb1f87eb1d71597af3::employer::Q1967606,original,,employer
EVENT_ARG::954ac08ea283172fd4c5,02312e2f5243659ab53e68d8ff421eddd405e153,literal:Time:db3b90bd9a3e9d01dabd,Directed,EXT_EVENT_ARG [event],EXT_EVENT_ARG [event],event,wikidata_sparql,,1936-11-01T00:00:00Z,EVENT_ARG::02312e2f5243659ab53e68d8ff421eddd405e153::time::literal:Time:db3b90bd9a3e9d01dabd,original,,time
EVENT_ARG::9d9dae11671b64e15526,2caa17fc3f980570acc9e699c090d266c141bbdf,literal:Time:21785e0e0e312d0d4b9f,Directed,EXT_EVENT_ARG [event],EXT_EVENT_ARG [event],event,wikidata_sparql,,1937-01-01T00:00:00Z / 1938-01-01T00:00:00Z,EVENT_ARG::2caa17fc3f980570acc9e699c090d266c141bbdf::time::literal:Time:21785e0e0e312d0d4b9f,original,,time
EVENT_ARG::a1ed539f2d3604967cd8,ed744fa1064b360acfcfca02f6d0a2141333df69,Q7251,Directed,EXT_EVENT_ARG [event],EXT_EVENT_ARG [event],event,wikidata_sparql,0.95,1926-01-01T00:00:00Z / 1931-01-01T00:00:00Z,EVENT_ARG::ed744fa1064b360acfcfca02f6d0a2141333df69::student::Q7251,original,,student
EVENT_ARG::a3115dbe6109a9560bf7,c0bff1944eb8e0c3d4baa2e819978f8d88fdf91e,literal:Time:f97cb79e8497cecae08c,Directed,EXT_EVENT_ARG [event],EXT_EVENT_ARG [event],event,wikidata_sparql,,1926-01-01T00:00:00Z,EVENT_ARG::c0bff1944eb8e0c3d4baa2e819978f8d88fdf91e::time::literal:Time:f97cb79e8497cecae08c,original,,time
EVENT_ARG::a34e7b15a50622965e50,a449a2c2651db20dadc33f9a74b0bd9422ed138b,Q7251,Directed,EXT_EVENT_ARG [event],EXT_EVENT_ARG [event],event,wikidata_sparql,0.95,,EVENT_ARG::a449a2c2651db20dadc33f9a74b0bd9422ed138b::proposer::Q7251,original,,proposer
EVENT_ARG::a63389e8b20a3348a8de,82cbb884381cab33aac03082660eb5092af22ab2,Q14420,Directed,EXT_EVENT_ARG [event],EXT_EVENT_ARG [event],event,wikidata_sparql,0.95,,EVENT_ARG::82cbb884381cab33aac03082660eb5092af22ab2::award::Q14420,original,,award
EVENT_ARG::a69e8bdab67a546ef3a9,5a00f19fd1d6759d0c4be6649fb1923c029d4db3,Q7251,Directed,EXT_EVENT_ARG [event],EXT_EVENT_ARG [event],event,wikidata_sparql,0.95,1948-03-01T00:00:00Z / 1952-01-01T00:00:00Z,EVENT_ARG::5a00f19fd1d6759d0c4be6649fb1923c029d4db3::employee::Q7251,original,,employee
EVENT_ARG::af1638fbb48c5ce9b32f,1e9b58834e7b16a92a35ece0040ea5fba8b5646a,Q7251,Directed,EXT_EVENT_ARG [event],EXT_EVENT_ARG [event],event,wikidata_sparql,0.95,1912-06-23T00:00:00Z,EVENT_ARG::1e9b58834e7b16a92a35ece0040ea5fba8b5646a::person::Q7251,original,,person
EVENT_ARG::b23b9b2f4ac9ad197a39,ba90e8467fa8af5fd940399abc6644e1b63c792f,literal:Time:bda350e497b57cce603e,Directed,EXT_EVENT_ARG [event],EXT_EVENT_ARG [event],event,wikidata_sparql,,1936-01-01T00:00:00Z,EVENT_ARG::ba90e8467fa8af5fd940399abc6644e1b63c792f::time::literal:Time:bda350e497b57cce603e,original,,time
EVENT_ARG::b5b43450b58139f2e2af,7e2ba48c88b1b2650ec707ac921921d36c8354d7,Q924289,Directed,EXT_EVENT_ARG [event],EXT_EVENT_ARG [event],event,wikidata_sparql,0.95,1931-01-01T00:00:00Z / 1934-01-01T00:00:00Z,EVENT_ARG::7e2ba48c88b1b2650ec707ac921921d36c8354d7::institution::Q924289,original,,institution
EVENT_ARG::b804e171b67f3e597c1d,a3a5c29adddf0f5038d69edbdbca9d7643c5e3f1,literal:Time:c609396d48345d524ce2,Directed,EXT_EVENT_ARG [event],EXT_EVENT_ARG [event],event,wikidata_sparql,,1951-01-01T00:00:00Z,EVENT_ARG::a3a5c29adddf0f5038d69edbdbca9d7643c5e3f1::time::literal:Time:c609396d48345d524ce2,original,,time
EVENT_ARG::bbce4850fa769e53258c,695ff1f6577fbb828e601935aa3d5e7fd7ea70d1,Q7251,Directed,EXT_EVENT_ARG [event],EXT_EVENT_ARG [event],event,wikidata_sparql,0.95,,EVENT_ARG::695ff1f6577fbb828e601935aa3d5e7fd7ea70d1::designer::Q7251,original,,designer
EVENT_ARG::bf541ce81503a961cd52,2caa17fc3f980570acc9e699c090d266c141bbdf,Q7251,Directed,EXT_EVENT_ARG [event],EXT_EVENT_ARG [event],event,wikidata_sparql,0.95,1937-01-01T00:00:00Z / 1938-01-01T00:00:00Z,EVENT_ARG::2caa17fc3f980570acc9e699c090d266c141bbdf::student::Q7251,original,,student
EVENT_ARG::bfd3b3ba02e3098d983c,82cbb884381cab33aac03082660eb5092af22ab2,Q7251,Directed,EXT_EVENT_ARG [event],EXT_EVENT_ARG [event],event,wikidata_sparql,0.95,,EVENT_ARG::82cbb884381cab33aac03082660eb5092af22ab2::recipient::Q7251,original,,recipient
EVENT_ARG::c3435cb468976f6cf406,e70528b78ffc68ae3a846d516788d7f435aedcaf,Q5583769,Directed,EXT_EVENT_ARG [event],EXT_EVENT_ARG [event],event,wikidata_sparql,0.95,,EVENT_ARG::e70528b78ffc68ae3a846d516788d7f435aedcaf::concept::Q5583769,original,,concept
EVENT_ARG::c62be7183fd8a2e97960,b80211a4d499adc9bcfb5f49462bc4e4bd4bd447,Q7251,Directed,EXT_EVENT_ARG [event],EXT_EVENT_ARG [event],event,wikidata_sparql,0.95,,EVENT_ARG::b80211a4d499adc9bcfb5f49462bc4e4bd4bd447::proposer::Q7251,original,,proposer
EVENT_ARG::c6a2a389e6671070f6bb,a3a5c29adddf0f5038d69edbdbca9d7643c5e3f1,Q15631401,Directed,EXT_EVENT_ARG [event],EXT_EVENT_ARG [event],event,wikidata_sparql,0.95,1951-01-01T00:00:00Z,EVENT_ARG::a3a5c29adddf0f5038d69edbdbca9d7643c5e3f1::award::Q15631401,original,,award
EVENT_ARG::c6d1d27e33af0163b4d0,a790cdad3d1d635be084f074dfa9659aa4553e9e,Q220798,Directed,EXT_EVENT_ARG [event],EXT_EVENT_ARG [event],event,wikidata_sparql,0.95,1938-01-01T00:00:00Z / 1945-01-01T00:00:00Z,EVENT_ARG::a790cdad3d1d635be084f074dfa9659aa4553e9e::employer::Q220798,original,,employer
EVENT_ARG::c859ccb54b9b8a3fec5b,f39ef217cb68fe49a2e99bc130f5e35a3a548bc6,Q7251,Directed,EXT_EVENT_ARG [event],EXT_EVENT_ARG [event],event,wikidata_sparql,0.95,1954-06-07T00:00:00Z,EVENT_ARG::f39ef217cb68fe49a2e99bc130f5e35a3a548bc6::person::Q7251,original,,person
EVENT_ARG::c8f1d2400081b35fa562,695ff1f6577fbb828e601935aa3d5e7fd7ea70d1,Q163310,Directed,EXT_EVENT_ARG [event],EXT_EVENT_ARG [event],event,wikidata_sparql,0.95,,EVENT_ARG::695ff1f6577fbb828e601935aa3d5e7fd7ea70d1::machine::Q163310,original,,machine
EVENT_ARG::d10a7d2e56898114a9d8,2caa17fc3f980570acc9e699c090d266c141bbdf,Q21578,Directed,EXT_EVENT_ARG [event],EXT_EVENT_ARG [event],event,wikidata_sparql,0.95,1937-01-01T00:00:00Z / 1938-01-01T00:00:00Z,EVENT_ARG::2caa17fc3f980570acc9e699c090d266c141bbdf::institution::Q21578,original,,institution
EVENT_ARG::dc2a124a0b957937a763,c7bea787ad5448520499863371dbc6967628dbc6,literal:Time:5ff7b68dd81ab59b4aaf,Directed,EXT_EVENT_ARG [event],EXT_EVENT_ARG [event],event,wikidata_sparql,,1946-06-24T00:00:00Z,EVENT_ARG::c7bea787ad5448520499863371dbc6967628dbc6::time::literal:Time:5ff7b68dd81ab59b4aaf,original,,time
EVENT_ARG::df3b4897cb049b3770b8,485e7b42f082b3f9bfe9914a4f7c26cbe263d84f,Q7251,Directed,EXT_EVENT_ARG [event],EXT_EVENT_ARG [event],event,wikidata_sparql,0.95,,EVENT_ARG::485e7b42f082b3f9bfe9914a4f7c26cbe263d84f::designer::Q7251,original,,designer
EVENT_ARG::e1a15b4ad1367058f311,7e2ba48c88b1b2650ec707ac921921d36c8354d7,Q7251,Directed,EXT_EVENT_ARG [event],EXT_EVENT_ARG [event],event,wikidata_sparql,0.95,1931-01-01T00:00:00Z / 1934-01-01T00:00:00Z,EVENT_ARG::7e2ba48c88b1b2650ec707ac921921d36c8354d7::student::Q7251,original,,student
EVENT_ARG::e23dcb77682b4591b840,e70528b78ffc68ae3a846d516788d7f435aedcaf,Q7251,Directed,EXT_EVENT_ARG [event],EXT_EVENT_ARG [event],event,wikidata_sparql,0.95,,EVENT_ARG::e70528b78ffc68ae3a846d516788d7f435aedcaf::proposer::Q7251,original,,proposer
EVENT_ARG::e56214e741739e635066,02312e2f5243659ab53e68d8ff421eddd405e153,Q7854954,Directed,EXT_EVENT_ARG [event],EXT_EVENT_ARG [event],event,wikidata_sparql,0.95,1936-11-01T00:00:00Z,EVENT_ARG::02312e2f5243659ab53e68d8ff421eddd405e153::work::Q7854954,original,,work
EVENT_ARG::e71b537254ccdb59499c,9afba5d1054d30c0b5c6311091a901309b24ec0a,Q189223,Directed,EXT_EVENT_ARG [event],EXT_EVENT_ARG [event],event,wikidata_sparql,0.95,,EVENT_ARG::9afba5d1054d30c0b5c6311091a901309b24ec0a::concept::Q189223,original,,concept
EVENT_ARG::e7697afc2b2aea757a58,c0bff1944eb8e0c3d4baa2e819978f8d88fdf91e,Q7251,Directed,EXT_EVENT_ARG [event],EXT_EVENT_ARG [event],event,wikidata_sparql,0.95,1926-01-01T00:00:00Z,EVENT_ARG::c0bff1944eb8e0c3d4baa2e819978f8d88fdf91e::student::Q7251,original,,student
EVENT_ARG::f020a210a2605b1eb85b,7e2ba48c88b1b2650ec707ac921921d36c8354d7,literal:Time:278ce9ae63df4c73cfb8,Directed,EXT_EVENT_ARG [event],EXT_EVENT_ARG [event],event,wikidata_sparql,,1931-01-01T00:00:00Z / 1934-01-01T00:00:00Z,EVENT_ARG::7e2ba48c88b1b2650ec707ac921921d36c8354d7::time::literal:Time:278ce9ae63df4c73cfb8,original,,time
EVENT_ARG::fb0ae9a5762fc3ea8511,a792edef8564208d7585c87cc98fd83ab581af45,literal:Time:de2233b1ceec1319d178,Directed,EXT_EVENT_ARG [event],EXT_EVENT_ARG [event],event,wikidata_sparql,,1934-01-01T00:00:00Z / 1937-01-01T00:00:00Z,EVENT_ARG::a792edef8564208d7585c87cc98fd83ab581af45::time::literal:Time:de2233b1ceec1319d178,original,,time
EVENT_ARG::ff9f54f33b8e711117b7,ed744fa1064b360acfcfca02f6d0a2141333df69,literal:Time:c50fd659dd5720a71bcb,Directed,EXT_EVENT_ARG [event],EXT_EVENT_ARG [event],event,wikidata_sparql,,1926-01-01T00:00:00Z / 1931-01-01T00:00:00Z,EVENT_ARG::ed744fa1064b360acfcfca02f6d0a2141333df69::time::literal:Time:c50fd659dd5720a71bcb,original,,time
EVIDENCE::03b7f507aa11902da04a,Q7251,Q189223,Directed,PROPOSED [evidence],PROPOSED [evidence],evidence,pattern+ds+llm_verify,1.0,"In'Computing Machinery and Intelligence', a foundational 1950 article on artificial intelligence, he proposed an imitation game to see if a computer could fool a person into thinking it was human—now famous as the'Turing Test'.",EVIDENCE::Q7251::PROPOSED::Q189223::9af630aa062d,original,,
EVIDENCE::04e955ea770f13476bad,Q7251,Q10762848,Directed,AWARDED [evidence],AWARDED [evidence],evidence,pattern+ds+llm_verify,1.0,"Thus, even though Turing was appointed an Officer of the Order of the British Empire (OBE) in 1946 by King George VI for his wartime services, his work remained secret for many years.",EVIDENCE::Q7251::AWARDED::Q10762848::6bcb303a19e1,original,,
EVIDENCE::0aae2f896d88a9efa8cf,Q7251,Q2278254,Directed,STUDIED_AT [evidence],STUDIED_AT [evidence],evidence,pattern+ds+llm_verify,1.0,"In 1926, at the age of 13, he went on to Sherborne School, an independent boarding school in the market town of Sherborne in Dorset, where he boarded at Westcott House.",EVIDENCE::Q7251::STUDIED_AT::Q2278254::50f834bbc520,original,,
EVIDENCE::0dd06fba0481f8e4378a,Q7251,Q35794,Directed,STUDIED_AT [evidence],STUDIED_AT [evidence],evidence,pattern+ds+llm_verify,1.0,"He graduated from Cambridge in Mathematics in 1934, was a fellow at Kings College for two years, during which he wrote his famous paper which introduced the Turing Machine, went to Princeton for two years to do a Ph.D.",EVIDENCE::Q7251::STUDIED_AT::Q35794::fc6ab14de39d,original,,
EVIDENCE::0e72e893692799a8c910,Q7251,Q35794,Directed,STUDIED_AT [evidence],STUDIED_AT [evidence],evidence,pattern+ds+llm_verify,1.0,He entered the University of Cambridge to study mathematics in 1931.,EVIDENCE::Q7251::STUDIED_AT::Q35794::0b2867bb1665,original,,
EVIDENCE::1dfd1b63cf1dbfba169c,Q7251,Q20895966,Directed,AUTHORED [evidence],AUTHORED [evidence],evidence,pattern+ds+llm_verify,1.0,"Turing did the earliest work on AI, and he introduced many of the central concepts of AI in a report entitled “Intelligent Machinery” (1948).",EVIDENCE::Q7251::AUTHORED::Q20895966::7a1ef19df94b,original,,
EVIDENCE::1ecc5026cfee4edff48f,Q7251,Q480476,Directed,DESIGNED [evidence],DESIGNED [evidence],evidence,pattern+ds+llm_verify,1.0,"During the autumn of 1939 and the spring of 1940, Turing and others designed a related, but very different, code-breaking machine known as the Bombe.",EVIDENCE::Q7251::DESIGNED::Q480476::d27ae7867a5a,original,,
EVIDENCE::2a2808569557636768fb,Q7251,Q122744,Directed,BORN_IN [evidence],BORN_IN [evidence],evidence,pattern+ds+llm_verify,1.0,"However, both Julius and Ethel wanted their children to be brought up in Britain, so they moved to Maida Vale, London, where Alan Turing was born on 23 June 1912, as recorded by a blue plaque on the outside of the house of his birth, later the Colonnade Hotel.",EVIDENCE::Q7251::BORN_IN::Q122744::9b190a39414b,original,,
EVIDENCE::3420c042474fb8ad1518,Q7251,Q21578,Directed,STUDIED_AT [evidence],STUDIED_AT [evidence],evidence,pattern+ds+llm_verify,1.0,"In 1936, Turing travelled to the USA and studied for three years at Princeton University.",EVIDENCE::Q7251::STUDIED_AT::Q21578::0ac8fd6c642c,original,,
EVIDENCE::3caf50eddc46c8d4eab8,Q7251,Q2011497,Directed,DIED_IN [evidence],DIED_IN [evidence],evidence,pattern+ds+llm_verify,1.0,"He continued to work and his friends supported him, but two years later he was found dead at home in Wilmslow, an apparent suicide by a cyanide laced apple, though many questions remain.",EVIDENCE::Q7251::DIED_IN::Q2011497::7642088edec6,original,,
EVIDENCE::3d12b4def6956e258269,Q7251,Q220798,Directed,WORKED_AT [evidence],WORKED_AT [evidence],evidence,pattern+ds+llm_verify,0.752705,"From September 1938, Turing worked part-time with the Government Code and Cypher School (GC&CS), the British codebreaking organisation.",EVIDENCE::Q7251::WORKED_AT::Q220798::89449177085d,original,,
EVIDENCE::3d740e572ca6e8d6f16c,Q7251,Q122744,Directed,BORN_IN [wikipedia_direct],BORN_IN [wikipedia_direct],wikipedia_direct,wikipedia_parse_api,0.95,"Born: Alan Mathison Turing ( 1912-06-23 ) 23 June 1912 Maida Vale , London, England",EVIDENCE::Q7251::BORN_IN::Q122744::aed9ebecb2a6,original,,
EVIDENCE::46cdfd31a971fb503507,Q7251,Q2278254,Directed,STUDIED_AT [evidence],STUDIED_AT [evidence],evidence,pattern+ds+llm_verify,0.859519,"Cambridge Turing moved from Hazelhurst to Sherborne School in Dorset, whence he came up to King’s College Cambridge in October 1931.",EVIDENCE::Q7251::STUDIED_AT::Q2278254::010c4891c6b6,original,,
EVIDENCE::47826e7d1afc34c7f69a,Q7251,Q480476,Directed,DESIGNED [evidence],DESIGNED [evidence],evidence,pattern+ds+llm_verify,1.0,"Building on work started by Polish codebreakers before their country was invaded, Turing and his colleague Gordon Welchman developed a machine to help the codebreakers: the Bombe.",EVIDENCE::Q7251::DESIGNED::Q480476::7f525887c81a,original,,
EVIDENCE::61d5a45ddc26bfea2c40,Q7251,Q924289,Directed,STUDIED_AT [evidence],STUDIED_AT [evidence],evidence,pattern+ds+llm_verify,0.964452,"A pioneer in computational science When Turing came to the Princeton Graduate School in 1936 after studies at King's College, Cambridge, he had already written the seminal paper, ""On Computable Numbers.""",EVIDENCE::Q7251::STUDIED_AT::Q924289::a98ffcec8b58,original,,
EVIDENCE::631bb44fa31d7ad1d530,Q7251,Q220798,Directed,WORKED_AT [evidence],WORKED_AT [evidence],evidence,pattern+ds+llm_verify,1.0,"Secretly, he worked part-time for the British cryptanalytic department, the so-called Government Code and Cypher School.",EVIDENCE::Q7251::WORKED_AT::Q220798::921d335a7c5e,original,,
EVIDENCE::63361e1f1f046e9dc1b1,Q7251,Q15631401,Directed,AWARDED [evidence],AWARDED [evidence],evidence,pattern+ds+llm_verify,1.0,"Turing was elected a fellow of the Royal Society of London in March 1951, a high honour, yet his life was about to become very hard.",EVIDENCE::Q7251::AWARDED::Q15631401::6823cda08f9e,original,,
EVIDENCE::6f5e863d694ba752b6b9,Q7251,Q867530,Directed,WORKED_AT [evidence],WORKED_AT [evidence],evidence,pattern+ds+llm_verify,1.0,"In 1948, Turing joined Max Newman's Computing Machine Laboratory at the University of Manchester, where he contributed to the development of early Manchester computers and became interested in mathematical biology.",EVIDENCE::Q7251::WORKED_AT::Q867530::56a1b4481301,original,,
EVIDENCE::ab6a2e12bb0827435258,Q7251,Q220798,Directed,WORKED_AT [evidence],WORKED_AT [evidence],evidence,pattern+ds+llm_verify,0.785577,At the outbreak of war in September 1939 he was drafted to the Government Code and Cypher School at Bletchley Park as a cryptanalyst.,EVIDENCE::Q7251::WORKED_AT::Q220798::f33d311820c7,original,,
EVIDENCE::ae252baf1d87b1633a4d,Q2278254,Q586895,Directed,LOCATED_IN [evidence],LOCATED_IN [evidence],evidence,pattern+ds+llm_verify,1.0,"In 1926, at the age of 13, he went on to Sherborne School, an independent boarding school in the market town of Sherborne in Dorset, where he boarded at Westcott House.",EVIDENCE::Q2278254::LOCATED_IN::Q586895::50f834bbc520,original,,
EVIDENCE::aee25743e2abf2a7a0dd,Q924289,Q350,Directed,LOCATED_IN [evidence],LOCATED_IN [evidence],evidence,pattern+ds+llm_verify,1.0,"Alan Turing reading on the porch of a house (Archives Centre, King's College, Cambridge, AMT/K/7/36)",EVIDENCE::Q924289::LOCATED_IN::Q350::93737999c589,original,,
EVIDENCE::c1193132557d300023f1,Q7251,Q20895966,Directed,AUTHORED [evidence],AUTHORED [evidence],evidence,pattern+ds+llm_verify,1.0,In late 1947 he returned to Cambridge for a sabbatical year during which he produced a seminal work on Intelligent Machinery that was not published in his lifetime.,EVIDENCE::Q7251::AUTHORED::Q20895966::0df90476a068,original,,
EVIDENCE::c37a6b3e6efad4a7c168,Q7251,Q189223,Directed,PROPOSED [evidence],PROPOSED [evidence],evidence,pattern+ds+llm_verify,1.0,Turing proposed what subsequently became known as the Turing test as a criterion for whether an artificial computer is thinking (1950).,EVIDENCE::Q7251::PROPOSED::Q189223::ed075aacb70b,original,,
EVIDENCE::ca793adfe3c3a13a78cb,Q7251,Q21578,Directed,STUDIED_AT [evidence],STUDIED_AT [evidence],evidence,pattern+ds+llm_verify,1.0,"He graduated from Cambridge in Mathematics in 1934, was a fellow at Kings College for two years, during which he wrote his famous paper which introduced the Turing Machine, went to Princeton for two years to do a Ph.D.",EVIDENCE::Q7251::STUDIED_AT::Q21578::fc6ab14de39d,original,,
EVIDENCE::d3a2d64f1f8a2ecea244,Q7251,Q1967606,Directed,WORKED_AT [evidence],WORKED_AT [evidence],evidence,pattern+ds+llm_verify,1.0,"After the War and Artificial Intelligence After the war Turing worked at the National Physical Laboratory (NPL) in Teddington, and took up long-distance running (ending his earlier dislike of outdoor pursuits).",EVIDENCE::Q7251::WORKED_AT::Q1967606::e80f5294c04a,original,,
EVIDENCE::d60779d8eae739fd594b,Q7251,Q1967606,Directed,WORKED_AT [evidence],WORKED_AT [evidence],evidence,pattern+ds+llm_verify,0.758368,"In 1945, the war over, Turing was recruited to the National Physical Laboratory (NPL) in London to create an electronic computer.",EVIDENCE::Q7251::WORKED_AT::Q1967606::79ff980832a4,original,,
EVIDENCE::dd00a15ce7367c358cac,Q7251,Q924289,Directed,STUDIED_AT [evidence],STUDIED_AT [evidence],evidence,pattern+ds+llm_verify,0.798377,"After graduating in 1934, he was elected to a fellowship at King’s College (his college since 1931) in recognition of his research in probability theory.",EVIDENCE::Q7251::STUDIED_AT::Q924289::61e4c9cfdcec,original,,
EVIDENCE::e36d56029eed160051cb,Q7251,Q2011497,Directed,DIED_IN [wikipedia_direct],DIED_IN [wikipedia_direct],wikipedia_direct,wikipedia_parse_api,0.95,"Died: 7 June 1954 (1954-06-07) (aged 41) Wilmslow , Cheshire, England",EVIDENCE::Q7251::DIED_IN::Q2011497::94da7a63b5ac,original,,
EVIDENCE::ec33ae598a500b4d92b4,Q7251,Q1967606,Directed,WORKED_AT [evidence],WORKED_AT [evidence],evidence,pattern+ds+llm_verify,1.0,"Between 1945 and 1947, Turing lived in Hampton, London, while he worked on the design of the ACE (Automatic Computing Engine) at the National Physical Laboratory (NPL).",EVIDENCE::Q7251::WORKED_AT::Q1967606::31b0f252be69,original,,
EVIDENCE::f5c1462c85786e8190b6,Q7251,Q10762848,Directed,AWARDED [evidence],AWARDED [evidence],evidence,pattern+ds+llm_verify,1.0,"But he had another and more ambitious end in view: in the last stage of the war (for his part in which he was awarded an OBE) he planned the embodiment of the Universal Turing Machine in electronic form, or in effect, invented the digital computer.",EVIDENCE::Q7251::AWARDED::Q10762848::565786501176,original,,
FACT::0dd3e2899d4029da907a,Q7251,Q20895966,Directed,AUTHORED [facts],AUTHORED [facts],facts,wikidata_sparql,0.95,Intelligent Machinery,FACT::Q7251::AUTHORED::Q20895966::bf21a9e8fbc5,original,,
FACT::154225e3485d0783f6d1,Q7251,Q7854954,Directed,AUTHORED [facts],AUTHORED [facts],facts,wikidata_sparql,0.95,Turing's proof,FACT::Q7251::AUTHORED::Q7854954::9c8dd192cf5f,original,,
FACT::161966b1103eb8b6c531,Q867530,Q18125,Directed,LOCATED_IN [facts],LOCATED_IN [facts],facts,wikidata_sparql,0.95,Manchester,FACT::Q867530::LOCATED_IN::Q18125::bf21a9e8fbc5,original,,
FACT::176e07cc64bc4d03ddba,Q7251,Q122744,Directed,BORN_IN [facts],BORN_IN [facts],facts,wikidata_sparql,0.95,Maida Vale,FACT::Q7251::BORN_IN::Q122744::bf21a9e8fbc5,original,,
FACT::2a14305fd58df691cd63,Q7251,Q21578,Directed,STUDIED_AT [facts],STUDIED_AT [facts],facts,wikidata_sparql,0.95,Princeton University,FACT::Q7251::STUDIED_AT::Q21578::43ba9c218fe8,original,,
FACT::3677181f36b7c0ca9ee9,Q7251,Q867530,Directed,WORKED_AT [facts],WORKED_AT [facts],facts,wikidata_sparql,0.95,Victoria University of Manchester,FACT::Q7251::WORKED_AT::Q867530::25ccba043fe3,original,,
FACT::4707960280434aee79c3,Q21578,Q138518,Directed,LOCATED_IN [facts],LOCATED_IN [facts],facts,wikidata_sparql,0.95,Princeton,FACT::Q21578::LOCATED_IN::Q138518::bf21a9e8fbc5,original,,
FACT::4933f5eca30810f3ac52,Q220798,Q4887849,Directed,LOCATED_IN [facts],LOCATED_IN [facts],facts,wikidata_sparql,0.95,Benhall,FACT::Q220798::LOCATED_IN::Q4887849::bf21a9e8fbc5,original,,
FACT::4cfbea8f52a6b2dd4b49,Q7251,Q35794,Directed,WORKED_AT [facts],WORKED_AT [facts],facts,wikidata_sparql,0.95,University of Cambridge,FACT::Q7251::WORKED_AT::Q35794::87536b9fd964,original,,
FACT::4eaf8e4a3e0af14d8266,Q2278254,Q586895,Directed,LOCATED_IN [facts],LOCATED_IN [facts],facts,wikidata_sparql,0.95,Sherborne,FACT::Q2278254::LOCATED_IN::Q586895::bf21a9e8fbc5,original,,
FACT::6749a5a5a9a912931e2e,Q7251,Q39086154,Directed,PROPOSED [facts],PROPOSED [facts],facts,wikidata_sparql,0.95,Turing's Wager,FACT::Q7251::PROPOSED::Q39086154::bf21a9e8fbc5,original,,
FACT::6f48b0510b680cb11cde,Q7251,Q4428206,Directed,DESIGNED [facts],DESIGNED [facts],facts,wikidata_sparql,0.95,Automatic Computing Engine,FACT::Q7251::DESIGNED::Q4428206::bf21a9e8fbc5,original,,
FACT::718cc875a67231028afb,Q7251,Q924289,Directed,STUDIED_AT [facts],STUDIED_AT [facts],facts,wikidata_sparql,0.95,King's College,FACT::Q7251::STUDIED_AT::Q924289::b156299ccf2c,original,,
FACT::7e3bae51a6cde7d946da,Q7251,Q14420,Directed,AWARDED [facts],AWARDED [facts],facts,wikidata_sparql,0.95,Order of the British Empire,FACT::Q7251::AWARDED::Q14420::bf21a9e8fbc5,original,,
FACT::82fecab22fe3212f12c9,Q7251,Q220798,Directed,WORKED_AT [facts],WORKED_AT [facts],facts,wikidata_sparql,0.95,Government Communications Headquarters,FACT::Q7251::WORKED_AT::Q220798::f7b4052b1ddf,original,,
FACT::a4d2982597b4896d84ad,Q7251,Q2278254,Directed,STUDIED_AT [facts],STUDIED_AT [facts],facts,wikidata_sparql,0.95,Sherborne School,FACT::Q7251::STUDIED_AT::Q2278254::d63b94298936,original,,
FACT::b486b149a263466d71a1,Q7251,Q480476,Directed,DESIGNED [facts],DESIGNED [facts],facts,wikidata_sparql,0.95,Bombe,FACT::Q7251::DESIGNED::Q480476::bf21a9e8fbc5,original,,
FACT::b593776e8d49ba03d7f6,Q7251,Q133854517,Directed,PROPOSED [facts],PROPOSED [facts],facts,wikidata_sparql,0.95,,FACT::Q7251::PROPOSED::Q133854517::bf21a9e8fbc5,original,,
FACT::c1f51fae4fd2acddbf26,Q7251,Q10762848,Directed,AWARDED [facts],AWARDED [facts],facts,wikidata_sparql,0.95,Officer of the Order of the British Empire,FACT::Q7251::AWARDED::Q10762848::16c8816f9c68,original,,
FACT::c3a068dd5a1dd54c9949,Q7251,Q1690167,Directed,AWARDED [facts],AWARDED [facts],facts,wikidata_sparql,0.95,Smith's Prize,FACT::Q7251::AWARDED::Q1690167::4abc9701c27a,original,,
FACT::c7880d1345c322e0f151,Q35794,Q350,Directed,LOCATED_IN [facts],LOCATED_IN [facts],facts,wikidata_sparql,0.95,Cambridge,FACT::Q35794::LOCATED_IN::Q350::bf21a9e8fbc5,original,,
FACT::d7b3441d901a3a2e7c71,Q7251,Q20895942,Directed,BORN_IN [facts],BORN_IN [facts],facts,wikidata_sparql,0.95,Warrington Lodge,FACT::Q7251::BORN_IN::Q20895942::bf21a9e8fbc5,original,,
FACT::d973912aa829f8e39058,Q7251,Q5583769,Directed,PROPOSED [facts],PROPOSED [facts],facts,wikidata_sparql,0.95,Good–Turing frequency estimation,FACT::Q7251::PROPOSED::Q5583769::bf21a9e8fbc5,original,,
FACT::e493833dfc1f9088fe79,Q7251,Q2011497,Directed,DIED_IN [facts],DIED_IN [facts],facts,wikidata_sparql,0.95,Wilmslow,FACT::Q7251::DIED_IN::Q2011497::bf21a9e8fbc5,original,,
FACT::e957a252016f62755261,Q7251,Q189223,Directed,PROPOSED [facts],PROPOSED [facts],facts,wikidata_sparql,0.95,Turing test,FACT::Q7251::PROPOSED::Q189223::bf21a9e8fbc5,original,,
FACT::eee3da76c1fe4d066c48,Q7251,Q66135280,Directed,STUDIED_AT [facts],STUDIED_AT [facts],facts,wikidata_sparql,0.95,Hazlehurst Community Primary School,FACT::Q7251::STUDIED_AT::Q66135280::e1f1640d29f8,original,,
FACT::f49e24511d3103e78ca0,Q7251,Q15631401,Directed,AWARDED [facts],AWARDED [facts],facts,wikidata_sparql,0.95,Fellow of the Royal Society,FACT::Q7251::AWARDED::Q15631401::08c933090702,original,,
FACT::f565d51675bb4790fec3,Q7251,Q163310,Directed,PROPOSED [facts],PROPOSED [facts],facts,wikidata_sparql,0.95,Turing machine,FACT::Q7251::PROPOSED::Q163310::bf21a9e8fbc5,original,,
FACT::f8a1f93ba786d0465e22,Q924289,Q350,Directed,LOCATED_IN [facts],LOCATED_IN [facts],facts,wikidata_sparql,0.95,Cambridge,FACT::Q924289::LOCATED_IN::Q350::bf21a9e8fbc5,original,,
FACT::fde673d8358b2f7a139d,Q7251,Q1967606,Directed,WORKED_AT [facts],WORKED_AT [facts],facts,wikidata_sparql,0.95,National Physical Laboratory,FACT::Q7251::WORKED_AT::Q1967606::baa8a1f1e0d0,original,,
